Survived,Pclass,Sex,Age,SibSp,Parch,Fare,Has_Cabin,Embarked_Q,Embarked_S,FamilySize
1,2,0,0.12399395544359763,0,0,-0.6027285228909307,0,False,True,-0.7821818687739927
1,3,0,-1.9979658080749605,1,0,-0.2675757599598414,0,True,False,0.10223950822807268
0,3,1,-0.6876435302997825,0,0,-0.5293230856881475,0,False,True,-0.7821818687739927
0,3,0,-0.16042123840983769,1,0,-0.3648234410036721,0,False,True,0.10223950822807268
1,1,0,0.7657371502388038,0,1,0.6964852382215897,0,False,True,0.10223950822807268
0,3,1,-0.01194164220678345,0,0,-0.43767863885337494,0,False,True,-0.7821818687739927
0,3,1,-1.5797332786719447,0,0,-0.4804613926968726,0,False,True,-0.7821818687739927
0,3,1,0.43414710166592746,0,0,-0.6486044549304304,0,False,True,-0.7821818687739927
1,3,1,-1.0364247593899458,1,0,-0.45530822003852606,0,False,True,0.10223950822807268
1,3,1,-1.7237183584487556,0,0,-0.6115126228422986,0,False,True,-0.7821818687739927
0,1,1,-0.01194164220678345,0,0,-0.43685876029539855,0,True,False,-0.7821818687739927
1,1,0,-0.01194164220678345,0,0,0.0535689174486025,1,False,True,-0.7821818687739927
0,2,1,1.5709351533990699,0,2,-0.5605025849664866,0,False,True,0.9866608852301381
1,3,1,-0.01194164220678345,0,0,-0.49585932582849424,0,False,False,-0.7821818687739927
0,2,1,1.1086621041216917,0,2,-0.5994884680548634,0,False,False,0.9866608852301381
0,2,1,-0.01194164220678345,0,0,-0.33818834881272636,0,True,False,-0.7821818687739927
1,3,1,-1.0631370801614388,0,0,-0.3896149025334997,0,False,True,-0.7821818687739927
0,2,1,0.633014101023564,0,0,-0.5309211912196041,0,False,True,-0.7821818687739927
0,2,1,0.5244939530488821,4,0,-0.49372413407590326,0,False,False,2.7555036392342687
0,3,1,0.5466444300942818,0,0,-0.6558474462554416,0,False,True,-0.7821818687739927
0,3,1,1.4478340658286257,0,1,-0.3723996450046521,0,False,True,0.10223950822807268
1,1,0,0.36761196564483933,0,1,0.5940311091157429,1,False,True,0.10223950822807268
1,3,0,0.37285423403373696,1,0,-0.4465657716716543,0,False,True,0.10223950822807268
1,3,1,1.882744781181531,0,0,-0.4930248258940998,0,False,True,-0.7821818687739927
1,1,0,1.3541694576734222,0,0,0.4386334317380005,1,False,False,-0.7821818687739927
0,3,1,-1.7893882216691193,0,0,-0.6765351306180716,0,False,True,-0.7821818687739927
1,1,0,-0.01194164220678345,0,0,0.33763272371220293,1,False,True,-0.7821818687739927
1,1,0,0.007477738528087716,0,1,0.3390773760376213,1,False,True,0.10223950822807268
0,3,1,-0.01194164220678345,1,0,-0.46159103273146845,0,False,True,0.10223950822807268
1,3,1,-0.670705661552878,1,0,-0.43817407349001314,0,False,True,0.10223950822807268
1,3,1,0.10826136096356163,0,0,-0.4887939017847561,0,False,True,-0.7821818687739927
0,2,1,1.013601466545524,0,0,-0.3568022227051807,0,False,True,-0.7821818687739927
1,1,1,-0.01194164220678345,2,2,0.40244697356549525,1,True,False,2.7555036392342687
0,3,1,-0.09861785633501863,0,0,-0.24090559275037263,0,False,True,-0.7821818687739927
0,2,1,0.3281999472556068,1,0,-0.2632396107949286,0,False,True,0.10223950822807268
1,1,0,-0.01194164220678345,0,0,0.34109638179135476,1,False,True,-0.7821818687739927
0,3,0,-0.9638419911742492,2,0,-0.48565030324962716,0,False,False,0.9866608852301381
0,1,1,-0.01194164220678345,1,0,0.004654611929543,1,False,True,0.10223950822807268
0,3,1,0.48625951553059055,2,0,-0.6367249845944029,0,False,False,0.9866608852301381
1,2,1,-0.5549671172529684,0,0,-0.17467738121286966,0,False,False,-0.7821818687739927
0,3,1,-0.01194164220678345,0,0,-0.4301747770780986,0,True,False,-0.7821818687739927
1,2,0,-1.0582956278705515,2,0,-0.576604210657227,0,False,False,0.9866608852301381
0,3,1,-1.445910367812586,0,0,-0.4274959225384002,0,False,True,-0.7821818687739927
0,3,1,-0.01194164220678345,0,2,-0.40366025526332594,0,False,False,0.9866608852301381
0,3,1,0.3952715789408457,1,0,-0.4674375998815304,0,True,False,0.10223950822807268
0,3,0,1.4018240277657419,2,0,-0.40763250111106203,0,False,True,0.9866608852301381
1,3,0,-1.9063661676757067,0,0,-0.5599260393495138,0,False,True,-0.7821818687739927
0,3,1,-0.8170727813689109,1,0,-0.05056223598037802,0,False,True,0.10223950822807268
0,3,1,-1.0199418571474772,1,0,-0.6584605351354091,0,False,True,0.10223950822807268
1,3,1,0.3816645661346381,0,0,-0.25554064422911776,0,False,False,-0.7821818687739927
0,1,0,1.280922052086862,0,0,0.3675517145123697,1,True,False,-0.7821818687739927
0,1,1,1.473883213383703,0,1,0.8817975220221836,1,False,False,0.10223950822807268
1,2,1,-0.01194164220678345,4,0,0.39659602203811795,1,False,True,2.7555036392342687
0,2,0,-0.2837352527967632,0,0,0.0885825546892431,1,False,True,-0.7821818687739927
0,2,1,-0.01194164220678345,1,0,-0.6010734204543741,0,False,True,0.10223950822807268
1,3,0,-1.1272644462119543,3,0,-0.5229942370333935,0,False,True,1.8710822622322034
0,2,1,0.6102414965708967,0,0,-0.17360540095925878,1,False,False,-0.7821818687739927
0,2,1,0.14027602910384956,1,1,-0.4128915617008628,0,False,True,0.9866608852301381
1,3,1,-0.350030010999413,0,0,-0.49938655737871906,0,False,True,-0.7821818687739927
0,3,1,-2.2615677831644287,0,0,-0.3617039565437778,0,False,True,-0.7821818687739927
1,1,0,1.0764716241720043,2,0,0.9177033800465044,1,False,False,0.9866608852301381
0,3,1,1.5265347784205956,0,0,-0.3432040764615234,0,False,True,-0.7821818687739927
0,3,1,-1.5444460643997102,0,2,-0.5642008072320113,0,False,True,0.9866608852301381
0,1,1,-0.01194164220678345,0,0,0.6120837827118284,1,False,True,-0.7821818687739927
0,3,1,-0.01194164220678345,0,0,-0.5765099465449463,0,False,False,-0.7821818687739927
0,3,1,-0.1347738999009436,0,0,-0.20541844275967064,0,False,True,-0.7821818687739927
0,3,0,0.5899031523314561,1,0,-0.6570948016016677,0,False,True,0.10223950822807268
1,3,1,-0.30046247105033785,0,2,-0.5065155548935302,0,True,False,0.9866608852301381
1,2,1,0.7315030970915051,0,0,0.3044386030574457,0,False,True,-0.7821818687739927
1,3,0,-0.4787451620151616,0,0,-0.56639518807836,0,True,False,-0.7821818687739927
0,3,0,-0.01194164220678345,0,0,-0.6568668139812678,0,False,True,-0.7821818687739927
0,2,1,0.3606986720765917,0,0,-0.577505200195538,1,False,True,-0.7821818687739927
1,2,1,0.23785085984656032,0,3,-0.2887325726952173,0,False,True,1.8710822622322034
1,2,1,-0.01194164220678345,1,0,0.2770340526476505,0,False,True,0.10223950822807268
0,3,1,0.2679108311345611,0,0,-0.2367974312058597,0,False,False,-0.7821818687739927
1,3,1,-0.025622806899244725,0,0,-0.5500853044651389,0,False,True,-0.7821818687739927
0,3,1,0.3019822270660884,0,0,-0.6327965825198206,0,False,False,-0.7821818687739927
0,3,1,0.7055532004808631,0,0,-0.4378101701728364,0,False,True,-0.7821818687739927
1,1,0,0.5793817769250265,1,3,0.3440689896111837,1,False,True,2.7555036392342687
0,3,1,-0.17000791449772212,0,1,-0.3200677173682525,0,False,True,0.10223950822807268
0,3,1,-1.1601858170870498,0,1,-0.5237768483841893,0,False,True,0.10223950822807268
0,3,1,0.8292980904278766,1,0,-0.5327801672013261,0,False,True,0.10223950822807268
1,3,0,-0.01194164220678345,0,0,-0.196476505224949,0,False,False,-0.7821818687739927
0,3,1,-0.5415802619861709,0,0,-0.4870642649338379,0,False,True,-0.7821818687739927
0,2,1,-0.07409607530972595,0,0,-0.47895535908903886,0,False,True,-0.7821818687739927
1,1,0,0.311315945028614,0,0,0.5486155366943584,1,True,False,-0.7821818687739927
0,3,1,1.5552045006756086,1,0,-0.547119273211283,0,False,True,0.10223950822807268
1,2,1,1.5981698344461401,1,0,-0.17755134054310256,0,False,False,0.10223950822807268
0,3,1,-0.6761790398027954,0,0,-0.6560447432346337,0,False,False,-0.7821818687739927
0,3,1,-0.08980858012003097,1,2,-0.46567946457806214,0,False,True,1.8710822622322034
1,2,0,-0.34255854187796864,1,0,0.5001374767181794,0,False,True,0.10223950822807268
0,2,1,0.35968761387647036,0,1,-0.5210081141095255,0,False,False,0.10223950822807268
1,3,0,-1.1523856367986316,0,0,-0.5707291450546151,0,True,False,-0.7821818687739927
0,2,1,0.037686416060933654,1,1,-0.24265495929921002,0,False,True,0.9866608852301381
1,1,0,0.9369680655559229,0,1,0.6763039494388863,1,False,True,0.10223950822807268
0,3,0,0.8133884851710235,1,0,-0.59884615677816,0,False,True,0.10223950822807268
0,3,0,-0.01194164220678345,0,0,-0.6734090695922041,0,False,True,-0.7821818687739927
0,3,0,-0.23590532065121128,0,0,-0.4221842494208149,0,False,True,-0.7821818687739927
0,3,0,0.22058418676399635,0,0,-0.6711379621428363,0,False,True,-0.7821818687739927
1,3,0,-1.1415540196277518,0,2,-0.5163869804191129,0,False,True,0.9866608852301381
0,1,1,-0.01194164220678345,1,0,0.919069113580246,0,False,False,0.10223950822807268
1,3,1,-0.01194164220678345,1,0,-0.6493476068853876,0,True,False,0.10223950822807268
1,3,0,-1.8148392772033497,0,0,-0.44392199215047895,0,False,False,-0.7821818687739927
1,3,0,1.1339886913775676,0,0,-0.6000277464646554,0,False,True,-0.7821818687739927
0,2,1,-1.4225706260836508,3,0,-0.4810072476726377,0,False,True,1.8710822622322034
1,1,0,0.22107439369416046,0,0,0.16257549845228766,0,False,True,-0.7821818687739927
1,1,0,-0.01194164220678345,0,0,1.0171059825408455,1,False,True,-0.7821818687739927
0,2,1,0.30443189696997064,0,0,-0.2921523870012152,0,False,False,-0.7821818687739927
0,3,1,-0.01194164220678345,1,1,-0.4196456949552087,0,False,True,0.9866608852301381
1,3,0,-0.01194164220678345,0,0,-0.5826261528999043,0,False,True,-0.7821818687739927
0,1,1,-0.5517084153874522,0,0,0.3684812025032307,1,False,True,-0.7821818687739927
1,3,0,0.012732301247902719,0,0,-0.6000408995966016,0,False,True,-0.7821818687739927
0,2,1,-0.19474970570579572,0,0,-0.44607910578964693,1,False,True,-0.7821818687739927
0,1,0,-0.01194164220678345,1,0,0.11006381134595727,1,False,True,0.10223950822807268
1,1,0,0.6370058778253529,0,0,0.937621606190285,1,False,True,-0.7821818687739927
1,2,0,-0.01194164220678345,0,0,0.43681391515211704,1,False,True,-0.7821818687739927
1,3,1,-1.422155170382871,0,3,-0.6304991688065604,0,False,False,1.8710822622322034
1,2,0,0.9341167264763551,0,0,-0.29695328016155853,1,False,True,-0.7821818687739927
1,3,0,0.013241645330331306,2,0,-0.5523761416124261,0,False,True,0.9866608852301381
0,3,1,-0.01194164220678345,0,0,-0.26213255552279463,0,False,True,-0.7821818687739927
0,2,0,1.691385664576097,4,0,-0.5074647725823104,0,False,True,2.7555036392342687
0,3,1,-0.01194164220678345,0,0,-0.49305551653530744,0,False,True,-0.7821818687739927
0,3,1,0.746638874007612,0,1,-0.4786265307903852,0,False,True,0.10223950822807268
1,2,1,1.149106964943206,1,0,-0.3834636211600187,0,False,False,0.10223950822807268
1,3,1,0.1993678285664457,0,0,-0.5661913145331948,0,False,True,-0.7821818687739927
0,2,1,-0.01194164220678345,1,0,-0.26417129097444725,0,False,True,0.10223950822807268
1,2,0,0.4433935068360845,4,0,-0.24100643342862643,1,False,True,2.7555036392342687
0,3,0,-1.4495984393319272,0,0,-0.5892443704574734,0,False,True,-0.7821818687739927
1,3,1,0.11996149331396322,1,0,-0.17042672740560683,0,False,True,0.10223950822807268
0,2,1,-0.15069749111991987,0,0,-0.11097895538634213,1,False,True,-0.7821818687739927
1,3,0,-0.6602605624653378,0,3,-0.6448470435711481,0,False,False,1.8710822622322034
0,1,1,0.5641324341842062,0,0,-0.10233734769772415,1,False,False,-0.7821818687739927
1,1,1,-0.01194164220678345,1,1,0.6208613060972231,1,False,False,0.9866608852301381
0,3,0,-1.2575867263856317,0,1,-0.5308291192959812,0,False,True,0.10223950822807268
0,3,1,0.7668785656771941,0,0,-0.516549202379782,0,False,True,-0.7821818687739927
0,2,1,1.26031209073416,0,0,-0.4460527995257546,0,False,True,-0.7821818687739927
0,3,1,-0.01194164220678345,0,0,-0.43215432343599364,0,False,True,-0.7821818687739927
1,3,0,-1.1823146356789758,0,0,-0.629771362172207,0,False,True,-0.7821818687739927
1,3,0,-0.06428336038582841,0,1,-0.32761542291668266,0,False,True,0.10223950822807268
0,2,1,-0.0933328761201331,1,2,-0.529454617007609,0,False,False,1.8710822622322034
1,3,0,0.1446821604481298,1,0,-0.6407695726678427,0,False,True,0.10223950822807268
1,3,0,-0.3148011692882677,0,0,-0.4548456682317532,0,False,True,-0.7821818687739927
0,3,0,-0.8794410745093718,0,0,-0.616830872525857,0,False,True,-0.7821818687739927
0,1,1,-0.39085310760465153,0,1,0.8655095602955393,1,False,True,0.10223950822807268
0,3,0,0.49064633615040415,0,0,-0.5377388979450232,0,False,True,-0.7821818687739927
0,2,1,-1.5861409694017186,1,0,0.22591440533895385,1,False,True,0.10223950822807268
1,1,1,0.6173923708441881,0,0,0.7424444734300817,0,False,True,-0.7821818687739927
0,3,0,0.23983961733376855,0,2,-0.26765906312883364,0,False,True,0.9866608852301381
1,3,0,1.0340959377408647,2,0,-0.4962451510322478,0,False,True,0.9866608852301381
0,3,1,-1.6265812718841786,0,2,-0.5284067508292326,0,False,True,0.9866608852301381
1,1,1,1.1421730960721803,0,0,-0.21571734507350296,1,False,False,-0.7821818687739927
1,3,0,-0.01194164220678345,0,0,-0.5333742503275605,0,False,True,-0.7821818687739927
0,1,1,-0.17173800255134497,2,0,0.3736459989807508,0,False,True,0.9866608852301381
0,3,1,0.36684745425855975,0,0,-0.338843813221376,0,True,False,-0.7821818687739927
0,2,1,-0.8665514186629764,0,0,-0.23120954231740534,0,False,True,-0.7821818687739927
0,3,1,-1.2999833464674633,0,0,-0.5502409498598351,0,False,True,-0.7821818687739927
0,1,1,-0.10891593820743246,0,0,0.4759554436351899,0,False,True,-0.7821818687739927
1,2,1,-0.6576409105429901,0,0,-0.47004630438418266,0,False,False,-0.7821818687739927
0,1,1,1.722135212812715,4,1,-0.005510566876170177,1,False,True,3.6399250162363344
1,3,1,-0.01194164220678345,0,1,-0.5361890205640356,0,False,True,0.10223950822807268
1,3,0,1.2178496228957822,0,0,-0.612595564039198,0,True,False,-0.7821818687739927
1,2,1,-0.01194164220678345,0,0,-0.49862148353718494,1,False,False,-0.7821818687739927
0,3,1,-0.4442950932320631,0,0,-0.430569371036483,0,False,True,-0.7821818687739927
1,3,0,-0.8122123549836093,0,0,-0.272799745531119,0,False,False,-0.7821818687739927
1,3,1,-0.6404841996145325,0,1,-0.63497123366825,0,False,True,0.10223950822807268
0,3,0,-0.01194164220678345,0,0,-0.6236113120440953,0,False,True,-0.7821818687739927
1,2,0,0.5910456699536895,0,0,-0.4509019208365671,0,False,True,-0.7821818687739927
1,1,1,1.0593256733421346,0,0,-0.13408243164974762,1,False,True,-0.7821818687739927
0,3,1,-0.47184641458481474,0,0,-0.583202698516877,0,False,True,-0.7821818687739927
1,2,1,0.12793950246149166,0,3,-0.5497104402046739,0,False,True,1.8710822622322034
0,2,1,0.8006317080521407,0,1,-0.3982192430149369,1,False,True,0.10223950822807268
1,3,1,-0.01194164220678345,1,0,-0.6633622689740063,0,True,False,0.10223950822807268
1,3,0,-0.01194164220678345,0,0,-0.6253365645176981,0,False,False,-0.7821818687739927
1,3,1,-2.0384363162970027,1,2,-0.39300183400963223,0,False,True,1.8710822622322034
1,3,0,-0.01194164220678345,2,0,-0.517031483884474,0,True,False,0.9866608852301381
0,3,1,-0.9946548167662035,0,0,-0.478032447664151,0,False,True,-0.7821818687739927
1,1,1,0.7990474891733556,0,0,0.3412629881293392,0,False,True,-0.7821818687739927
1,3,1,-0.1414706410489791,0,0,-0.46046643995007297,0,False,True,-0.7821818687739927
0,3,1,0.07282458290783246,0,0,-0.3863310039242785,0,True,False,-0.7821818687739927
0,1,1,0.31783228462078317,0,1,0.7958593422633807,1,False,True,0.10223950822807268
1,1,1,-0.1991391305798697,0,2,0.3029479147702158,1,False,True,0.9866608852301381
1,3,0,-0.01194164220678345,1,2,-0.31682108596621217,0,False,False,1.8710822622322034
1,3,0,-0.01194164220678345,0,0,-0.22008418487962347,0,False,True,-0.7821818687739927
1,3,0,-1.2977313816943699,0,0,-0.4438518421134328,0,False,True,-0.7821818687739927
0,3,0,-0.581700763693907,0,0,-0.36755710025981275,0,False,True,-0.7821818687739927
0,3,1,0.17431348539231556,0,1,-0.5980350469748144,0,False,False,0.10223950822807268
1,2,0,-0.01194164220678345,1,0,-0.18958645627382617,0,False,True,0.10223950822807268
1,3,0,0.8329676084553898,0,0,-0.5494013416039394,0,False,True,-0.7821818687739927
0,3,1,-0.10796568986882304,0,0,-0.6183303295677176,0,False,True,-0.7821818687739927
1,3,0,-0.01194164220678345,0,0,0.1480566329724001,0,False,False,-0.7821818687739927
1,3,1,0.751525529348502,0,0,-0.48725279315839937,0,True,False,-0.7821818687739927
0,3,1,-0.8550760758775633,1,0,-0.48538066404473124,0,False,True,0.10223950822807268
0,2,1,-0.01194164220678345,4,0,-0.279852016442911,0,False,True,2.7555036392342687
0,2,1,-0.20319762042304051,0,0,-0.019297241344388868,1,False,True,-0.7821818687739927
1,2,1,0.9122026923338817,0,1,-0.08328503607373164,0,False,True,0.10223950822807268
1,3,0,-1.8297553433995641,1,0,-0.30992884482643157,0,False,True,0.10223950822807268
0,2,1,-0.01194164220678345,0,0,-0.37035214079836887,0,False,True,-0.7821818687739927
0,3,1,-0.38365948019194,0,1,-0.5493509212648124,0,False,False,0.10223950822807268
1,3,0,-0.385288107539474,0,0,-0.3049065406116615,0,False,True,-0.7821818687739927
1,3,0,-0.01194164220678345,0,3,-0.2543524779766492,0,False,False,1.8710822622322034
1,3,0,-1.6459813455641585,1,1,-0.5513414285659959,0,False,False,0.9866608852301381
0,3,0,0.17395142675916245,0,0,-0.6168834850536415,0,False,True,-0.7821818687739927
1,3,0,-0.01194164220678345,1,3,-0.5145893857198062,0,False,True,2.7555036392342687
0,1,1,1.0651569229297193,0,0,0.2708476962556464,1,False,True,-0.7821818687739927
1,3,1,-0.01194164220678345,0,0,-0.5289175307864745,0,False,True,-0.7821818687739927
0,2,1,-1.2900031443881648,1,0,-0.3083022408424249,0,False,False,0.10223950822807268
0,3,1,-0.12441060975226322,0,2,-0.5189737630351882,0,False,True,0.9866608852301381
1,1,0,-0.8846230670981315,0,0,-0.11429792901408628,1,False,True,-0.7821818687739927
1,3,1,0.10697423316137833,0,0,-0.3560722238821696,0,False,False,-0.7821818687739927
1,3,1,0.34374739918496944,0,0,-0.5527422371182605,0,False,True,-0.7821818687739927
1,2,0,0.1779232515067575,0,0,-0.008634435713379822,0,False,True,-0.7821818687739927
0,1,1,-0.01194164220678345,0,0,0.7273600232765097,0,False,False,-0.7821818687739927
1,3,0,1.6568479129541422,3,1,-0.5625829720026354,0,False,True,2.7555036392342687
0,2,1,-0.7990254109767347,0,0,0.3434705221076341,0,False,True,-0.7821818687739927
0,3,1,-0.7002976636665116,1,1,-0.5660181316292372,0,False,True,0.9866608852301381
0,3,1,1.603633870858745,0,0,-0.5730112134472715,0,False,True,-0.7821818687739927
1,3,0,-1.1130349505978245,0,1,-0.28522507084291165,0,False,True,0.10223950822807268
1,2,1,-0.01194164220678345,1,0,-0.3106983030452811,0,False,True,0.10223950822807268
1,2,0,-0.01194164220678345,0,0,-0.33141229367180347,0,False,True,-0.7821818687739927
0,3,1,0.49640287699979874,1,0,-0.5920196812981102,0,False,True,0.10223950822807268
1,2,1,0.5262619774488106,0,1,0.4604150182408184,0,False,True,0.10223950822807268
1,1,0,-0.34229147345523375,0,0,0.8310900061811329,1,False,True,-0.7821818687739927
1,3,0,-0.8245007932862681,0,2,-0.6297976684360993,0,False,True,0.9866608852301381
1,3,0,-0.8968389617331046,0,0,-0.6793608617978352,0,False,True,-0.7821818687739927
1,3,0,-0.01194164220678345,1,0,-0.5394948410598337,0,True,False,0.10223950822807268
1,3,0,-0.01194164220678345,0,0,-0.47465647713130676,0,False,True,-0.7821818687739927
0,3,0,-2.0212328144035463,2,0,-0.21948352518741612,0,False,True,0.9866608852301381
1,3,0,0.7111553267627787,0,1,-0.654992492678942,0,False,True,0.10223950822807268
1,1,0,-0.01194164220678345,0,1,0.17464130482421902,0,False,True,0.10223950822807268
0,3,1,1.0196038434454453,1,0,-0.5179609718753349,0,False,True,0.10223950822807268
1,3,0,0.114885723157484,3,0,-0.6163354378892187,0,True,False,1.8710822622322034
1,3,1,-0.01194164220678345,0,0,-0.3481759603371666,0,False,False,-0.7821818687739927
1,3,0,0.13638630435149618,0,0,-0.5438638730546119,0,False,False,-0.7821818687739927
1,3,0,0.9827484215943224,0,1,-0.5195590774067917,0,True,False,0.10223950822807268
0,2,1,-1.2233447851543187,1,0,-0.562153303025728,0,True,False,0.10223950822807268
1,2,0,-0.13780037101920684,0,0,-0.37018553446038427,1,False,False,-0.7821818687739927
0,3,1,1.873876767873972,1,1,-0.4259833123645934,0,False,True,0.9866608852301381
0,3,1,0.542876031006944,0,0,-0.494094613959053,0,False,True,-0.7821818687739927
1,3,0,-0.01194164220678345,0,0,-0.5678135341398861,0,False,True,-0.7821818687739927
0,3,1,-1.5404521369431872,0,0,-0.4100461008231798,0,False,True,-0.7821818687739927
1,3,0,-1.552000710756945,0,0,-0.4043639478224447,0,False,True,-0.7821818687739927
1,3,0,-0.030859635069929465,0,0,-0.4311590697854019,0,True,False,-0.7821818687739927
0,3,1,-0.01194164220678345,0,1,-0.3535599756804557,0,False,True,0.10223950822807268
1,3,1,-0.9033507472239608,0,0,-0.5653297843907222,0,False,True,-0.7821818687739927
0,3,1,-0.17684546417765154,0,0,-0.5801445953393981,0,False,True,-0.7821818687739927
1,3,1,1.2159685303794572,0,0,-0.5954329190381351,0,False,True,-0.7821818687739927
1,2,1,-0.8166260252057972,0,0,-0.5215123175007944,0,False,True,-0.7821818687739927
0,2,1,-0.01194164220678345,0,2,-0.44494135987630523,0,False,True,0.9866608852301381
0,3,1,-0.6855039672895631,4,0,-0.5210168828641563,0,False,True,2.7555036392342687
1,1,0,0.16321413332026216,0,0,0.028847605955820938,0,False,True,-0.7821818687739927
0,3,1,-0.01194164220678345,1,0,-0.35361697258555563,0,False,True,0.10223950822807268
1,3,0,-1.5200848803048637,1,0,-0.5318419104558344,0,False,True,0.10223950822807268
0,2,1,0.17770869905827047,0,0,0.03976470547112225,0,False,True,-0.7821818687739927
1,3,0,-0.8518627231663337,0,0,-0.6195601474046823,0,False,True,-0.7821818687739927
0,1,1,-0.01194164220678345,0,0,0.8223168671730535,0,False,True,-0.7821818687739927
1,3,0,0.7350435955136453,0,0,-0.4917730861705582,0,False,True,-0.7821818687739927
0,2,1,-0.9495430947993121,1,2,-0.4332591865194699,1,False,True,1.8710822622322034
1,3,0,-0.01194164220678345,1,0,-0.6441126603708216,0,False,True,0.10223950822807268
0,3,1,1.3190081686183714,0,0,-0.5654963907287067,0,False,True,-0.7821818687739927
0,1,1,-0.01194164220678345,1,0,0.9923057522563872,1,False,True,0.10223950822807268
0,3,0,-0.1617294984443592,0,0,-0.366044490086006,0,False,True,-0.7821818687739927
1,3,1,-1.5985846834794508,2,0,-0.6410479806273696,0,False,False,0.9866608852301381
1,3,1,-0.7087137322690265,0,0,-0.5609519836413133,0,False,True,-0.7821818687739927
1,3,1,-0.01194164220678345,0,0,-0.46572111616255835,0,True,False,-0.7821818687739927
1,3,0,-0.7498198763843616,0,0,-0.583777051945192,0,False,True,-0.7821818687739927
1,3,0,-0.522860052527253,0,0,-0.6420783092964844,0,False,True,-0.7821818687739927
1,3,0,-0.01194164220678345,0,0,-0.2482691544515567,0,False,True,-0.7821818687739927
1,2,0,-0.01194164220678345,0,0,-0.25867766619827365,1,False,True,-0.7821818687739927
1,3,1,-0.26220920043533946,0,0,-0.5837967816431112,0,False,True,-0.7821818687739927
0,2,0,0.03302909852350627,0,0,-0.13808975251600678,1,False,True,-0.7821818687739927
1,2,1,1.3637245839644327,0,1,-0.5115093606557503,0,False,True,0.10223950822807268
1,1,1,0.8716715508946293,1,0,0.7585636366300835,1,False,True,0.10223950822807268
1,3,0,0.7974091692799894,0,3,-0.49968688722482274,0,False,True,1.8710822622322034
1,3,0,1.0213523601059522,0,0,-0.5666911335471483,0,False,True,-0.7821818687739927
0,2,1,-0.01194164220678345,3,0,0.23530354935984443,0,False,True,1.8710822622322034
1,1,0,1.1233879593185858,1,0,0.8206157287746852,1,False,True,0.10223950822807268
0,2,1,0.04376196081395497,0,0,-0.2608567017240185,0,False,False,-0.7821818687739927
0,3,1,-1.2848096926120187,0,0,-0.5623769062688124,0,False,True,-0.7821818687739927
1,3,1,-0.8081926199285637,0,2,-0.6343442677121504,0,False,True,0.9866608852301381
1,3,0,1.1597499315483113,0,2,-0.32503960124389575,0,False,False,0.9866608852301381
1,2,0,-0.543967821760694,0,0,-0.46891951941412946,0,False,True,-0.7821818687739927
1,3,1,-1.2020341709286237,1,0,-0.28015453847767235,0,False,True,0.10223950822807268
1,3,1,-0.01194164220678345,1,2,-0.661518638312888,0,False,True,1.8710822622322034
1,3,0,-0.627119751628632,1,0,-0.10191206309813215,0,False,True,0.10223950822807268
1,3,0,-0.5178603743516569,0,0,-0.5302591502449815,0,False,True,-0.7821818687739927
0,2,1,0.7343230401797622,1,0,-0.2082551348827228,0,False,True,0.10223950822807268
0,2,0,-0.5738423669110445,0,0,-0.12612697901098696,1,False,False,-0.7821818687739927
0,2,1,-1.1515945686238174,0,0,-0.10795154285007082,0,False,True,-0.7821818687739927
0,3,1,-0.01194164220678345,1,0,-0.4606001634581921,0,False,True,0.10223950822807268
1,1,1,-0.01194164220678345,0,0,0.027164005066714274,1,False,True,-0.7821818687739927
1,1,1,0.9436449909472369,1,0,0.3981020556459517,0,False,True,0.10223950822807268
0,3,1,0.8234351848660758,1,1,-0.6022966617253656,0,False,True,0.9866608852301381
0,3,0,-0.9160420170933775,0,0,-0.6030222761710613,0,False,True,-0.7821818687739927
1,3,1,-0.2689784982641179,1,0,-0.08155539922281342,0,False,True,0.10223950822807268
0,3,1,-0.7952672458715803,0,2,-0.6403114052383854,0,True,False,0.9866608852301381
1,3,1,-0.01194164220678345,1,0,-0.5210979938444908,0,False,False,0.10223950822807268
1,1,1,-0.3201967425041524,1,0,0.6419918125687067,0,False,True,0.10223950822807268
0,2,0,-0.01194164220678345,4,0,-0.41160255477014046,0,False,False,2.7555036392342687
0,2,1,0.17386093344446546,0,1,-0.4051224450980058,0,False,True,0.10223950822807268
1,3,0,-0.8258783086193663,0,2,-0.5397184443029182,0,False,True,0.9866608852301381
0,3,1,0.8620937194224645,0,1,-0.4931848556661112,0,False,True,0.10223950822807268
0,2,1,0.9108318482882122,0,0,-0.01616021937523303,0,False,False,-0.7821818687739927
1,3,0,-1.9939322964499,1,0,-0.5825932700700389,0,False,True,0.10223950822807268
1,3,0,0.10581456049053602,0,0,-0.3394137822723757,0,False,True,-0.7821818687739927
0,3,0,0.14493513764846305,0,0,-0.4537254598276731,0,False,True,-0.7821818687739927
1,3,0,-1.0779133295331416,0,0,-0.19545056093314966,0,False,True,-0.7821818687739927
0,3,1,-1.2415781513507134,0,0,-0.6213511655380158,0,False,True,-0.7821818687739927
1,3,0,1.254972516218959,0,0,-0.08782067440649435,0,False,False,-0.7821818687739927
0,2,1,-0.01194164220678345,0,0,-0.43065925077144834,0,False,True,-0.7821818687739927
1,3,1,-1.4419070610821199,0,3,-0.5820123400757508,0,False,True,1.8710822622322034
0,3,1,-0.5029291156161586,0,0,-0.5735088402725673,0,False,False,-0.7821818687739927
1,3,0,1.6770949982004981,0,0,-0.5515189958472689,0,False,True,-0.7821818687739927
1,3,1,-2.074794760378245,0,0,-0.5691244629571853,0,False,True,-0.7821818687739927
0,2,1,-0.9878044304632873,0,0,-0.269040141983179,0,False,True,-0.7821818687739927
0,3,1,1.1282273500611282,0,1,-0.618001501269064,0,False,True,0.10223950822807268
1,3,1,1.474852582780614,0,0,-0.6787338958417356,0,False,True,-0.7821818687739927
0,1,1,-0.01194164220678345,0,1,0.3009289090164824,0,False,True,0.10223950822807268
1,1,1,-1.3250330649982507,1,0,0.08319853934595407,1,True,False,0.10223950822807268
0,3,1,-1.0941205872649984,1,0,-0.6898724064114636,0,False,False,0.10223950822807268
1,1,1,0.5755301622920721,1,0,0.31498303050093945,1,False,True,0.10223950822807268
1,2,1,0.10467585138869409,1,0,-0.09106292143121934,0,False,True,0.10223950822807268
1,3,1,0.0058317744574640324,0,2,-0.4420827458666762,0,False,True,0.9866608852301381
1,3,1,0.5336203151474261,1,0,-0.4576012493744708,0,False,True,0.10223950822807268
1,2,0,0.6207962247734801,0,1,-0.052587818300084535,0,False,True,0.10223950822807268
1,1,0,0.814485822993097,0,0,-0.2983036683746962,1,False,True,-0.7821818687739927
1,3,0,-0.01194164220678345,0,0,-0.602875399530996,0,False,True,-0.7821818687739927
0,3,1,0.34855446745318086,0,0,-0.49536389119185603,0,True,False,-0.7821818687739927
1,3,1,1.098506531238564,0,0,-0.42699171914713135,0,False,True,-0.7821818687739927
0,3,1,-1.381966978388408,0,2,-0.5826787654276888,0,False,True,0.9866608852301381
1,3,1,-0.3469570423949051,0,1,-0.6125626812093327,0,False,True,0.10223950822807268
1,2,0,0.6650514434289082,0,0,-0.2322135647226278,0,False,True,-0.7821818687739927
0,1,1,-0.01194164220678345,0,3,0.44833825092559865,0,False,False,1.8710822622322034
0,3,1,0.02108979244341094,0,0,-0.332870099129168,0,False,True,-0.7821818687739927
1,3,1,-0.01194164220678345,0,0,-0.35747522462309184,0,False,True,-0.7821818687739927
1,3,0,-2.0828722741075643,1,0,-0.4297955284403181,0,False,True,0.10223950822807268
0,2,1,0.5711974752569469,1,0,0.09704659509658821,0,False,False,0.10223950822807268
0,2,1,-1.3365730211341562,0,0,-0.5876331117940705,0,False,True,-0.7821818687739927
0,3,1,-0.1940718205079539,0,2,-0.5712311562572264,0,False,True,0.9866608852301381
0,2,1,-1.196264127392092,0,1,-0.22928480067595258,0,False,True,0.10223950822807268
0,3,1,-1.562496282644562,1,0,-0.32367605989881193,0,False,True,0.10223950822807268
1,3,1,-0.08851854393506724,0,0,-0.5307151254857813,0,False,True,-0.7821818687739927
0,2,1,-0.01194164220678345,0,0,-0.06746620271983338,0,False,False,-0.7821818687739927
0,3,1,0.8368580803046933,0,1,-0.6260950617932591,0,False,True,0.10223950822807268
1,1,1,-0.01194164220678345,1,0,0.027332803593356478,0,False,True,0.10223950822807268
1,3,1,-0.01194164220678345,1,1,-0.5221064006270286,0,False,True,0.9866608852301381
1,3,0,-0.01194164220678345,0,0,-0.3660379135200329,0,False,True,-0.7821818687739927
1,3,0,0.7211393170094735,0,0,-0.5117220029555464,0,False,True,-0.7821818687739927
0,2,1,-1.542599521018338,0,0,-0.4599600443701463,0,False,True,-0.7821818687739927
1,3,1,-0.01194164220678345,0,0,-0.6581207458934671,0,True,False,-0.7821818687739927
1,2,1,-0.1861956470904488,0,0,-0.07794048012628096,0,False,True,-0.7821818687739927
1,3,0,-0.0038525655050140823,0,0,-0.5356300124563245,0,False,True,-0.7821818687739927
0,1,1,0.8589274897127327,0,0,0.8981885166157392,1,False,True,-0.7821818687739927
1,2,0,-0.01194164220678345,2,0,0.010121930441824398,0,False,True,0.9866608852301381
0,3,1,-0.03640111418588999,0,0,-0.5300267782472663,0,False,False,-0.7821818687739927
0,3,1,-1.112932592715589,1,0,-0.38644938211179386,0,False,True,0.10223950822807268
1,3,0,-0.9265958307984816,1,2,-0.3844917576404757,0,False,False,1.8710822622322034
1,3,0,-1.0969812522316038,0,0,-0.5562979671210353,0,False,False,-0.7821818687739927
1,2,0,0.8771988540760122,1,0,-0.37187132753814867,0,False,True,0.10223950822807268
1,2,0,-0.01194164220678345,0,0,0.05037051419703122,1,False,True,-0.7821818687739927
0,2,1,-0.9712935661316264,0,1,-0.3663294746115058,0,False,True,0.10223950822807268
1,3,0,1.535144267825965,0,3,-0.5945976951595549,0,False,True,1.8710822622322034
0,3,1,-1.489065647018754,4,0,-0.5205521388687258,0,False,True,2.7555036392342687
1,3,0,-0.24393339577171455,0,0,-0.44696475000735403,0,False,True,-0.7821818687739927
0,3,1,-1.5570037656585638,0,2,-0.6621916402307993,0,False,False,0.9866608852301381
0,3,1,-1.1958408494536898,0,0,-0.2859265712133728,0,True,False,-0.7821818687739927
1,1,1,1.0296571259937841,1,0,0.5248675569655916,0,False,True,0.10223950822807268
0,3,1,-0.6937106600827201,1,0,-0.6573688251838791,0,False,True,0.10223950822807268
1,2,0,1.4735461003986727,1,0,-0.30342462107906243,1,False,True,0.10223950822807268
0,3,1,-0.01194164220678345,3,0,-0.4287761607144918,0,False,True,1.8710822622322034
0,2,1,-0.01194164220678345,3,0,-0.5285799337331901,1,False,False,1.8710822622322034
0,1,1,-0.01194164220678345,0,2,-0.49732370785183183,1,True,False,0.9866608852301381
0,3,0,0.7905304861506568,0,1,-0.5749337629000665,0,True,False,0.10223950822807268
1,3,1,-1.249000013021151,0,0,-0.6011633001893394,0,False,True,-0.7821818687739927
1,1,0,-0.2705310195613682,0,0,0.2832423309262313,1,False,True,-0.7821818687739927
0,1,1,-1.6855535515187967,0,0,0.5582480136562525,0,False,True,-0.7821818687739927
0,3,1,-0.5313488602632777,4,2,-0.6232474087269185,0,False,False,4.5243463932384
1,3,0,-1.0043612039424958,0,0,-0.45611056108724096,0,True,False,-0.7821818687739927
0,3,1,1.6596860841113157,0,1,-0.24377297551463248,0,False,True,0.10223950822807268
1,1,1,0.8160777715904743,0,0,0.14364156501581044,0,True,False,-0.7821818687739927
0,3,1,-1.0734320554076764,1,0,-0.6743275966397767,0,False,True,0.10223950822807268
1,2,0,-2.100464052537373,0,2,-0.30842719559591325,0,False,False,0.9866608852301381
1,2,0,0.740364814994126,0,0,-0.4360081910962144,0,False,False,-0.7821818687739927
0,3,0,-1.6109487268486162,0,0,-0.5660444378931295,0,False,True,-0.7821818687739927
0,3,1,-0.7119757181908908,0,0,-0.507063602057953,0,True,False,-0.7821818687739927
0,3,0,-0.01194164220678345,2,0,-0.5766502466190385,0,False,False,0.9866608852301381
0,3,1,-0.2053340650003411,0,0,-0.49190242530136197,0,False,True,-0.7821818687739927
1,2,1,-0.43874373760151986,0,0,-0.3363929463020774,0,False,True,-0.7821818687739927
1,3,1,0.35412512984404465,0,0,-0.6640001958733943,0,False,True,-0.7821818687739927
1,3,0,0.39432441374779686,3,0,-0.45532137317047217,0,False,True,1.8710822622322034
1,2,0,0.09224884216454192,0,0,-0.3187370588530341,1,False,True,-0.7821818687739927
1,3,0,-0.5858809595021139,0,2,-0.3204798488358984,0,False,True,0.9866608852301381
0,1,1,-0.01194164220678345,0,0,1.042011437880873,0,False,True,-0.7821818687739927
0,3,1,-0.01194164220678345,1,0,-0.4195974668047395,0,False,True,0.10223950822807268
1,3,0,0.025679052031430265,1,0,-0.339744802759687,0,False,True,0.10223950822807268
0,1,1,0.585532572635908,0,0,0.34537114967385224,1,False,True,-0.7821818687739927
1,1,0,-1.3825220955920343,0,0,0.6088503044417342,1,False,True,-0.7821818687739927
0,1,1,0.11388121418709839,0,0,0.847434964812877,1,True,False,-0.7821818687739927
0,3,1,-1.2244791915640434,0,2,-0.34996259409318475,0,False,True,0.9866608852301381
0,3,0,-1.1152110267054651,0,0,-0.5202693465318835,0,False,True,-0.7821818687739927
1,3,1,0.4226034045289817,0,0,-0.6053109211296908,0,False,True,-0.7821818687739927
0,3,0,-1.7968555275334475,1,0,-0.5968468807223458,0,False,True,0.10223950822807268
0,2,0,1.7083006577280193,1,0,-0.07087944045985825,0,False,True,0.10223950822807268
0,2,1,0.9784973242145585,0,1,-0.14029290211698622,1,False,True,0.10223950822807268
1,3,1,-0.01194164220678345,0,0,-0.46111532779274944,0,False,True,-0.7821818687739927
1,3,0,-0.01194164220678345,0,0,-0.5984778690836678,0,False,True,-0.7821818687739927
0,3,1,-0.05577585611152091,0,0,-0.5960445396736308,0,False,False,-0.7821818687739927
0,1,1,-0.01194164220678345,0,1,0.3781224482197558,1,False,True,0.10223950822807268
1,3,0,0.043556494336414175,1,1,-0.3157447213352858,0,False,True,0.9866608852301381
0,3,1,-0.4315346192862849,1,2,-0.5275693347619946,0,False,True,1.8710822622322034
1,3,0,0.1279776233010804,0,1,-0.6424619423115802,0,False,True,0.10223950822807268
1,1,0,1.0538655974696938,0,0,0.4479195428919796,0,False,False,-0.7821818687739927
0,3,1,-0.48814246011576223,0,0,-0.6570684953377753,0,False,True,-0.7821818687739927
0,3,1,-1.264951031526945,0,1,-0.34674446114369434,0,False,True,0.10223950822807268
1,3,0,-0.3461700546596519,2,1,-0.15664882169201888,0,False,False,1.8710822622322034
0,3,1,-1.09277218389861,1,1,-0.5378726214531424,0,True,False,0.9866608852301381
0,3,0,-0.01194164220678345,1,0,-0.5968973010614727,0,False,True,0.10223950822807268
0,3,1,-0.06362414477332845,0,0,-0.3773934507668723,0,False,False,-0.7821818687739927
1,3,1,-0.10780622232493571,1,1,-0.012926741105138854,0,False,True,0.9866608852301381
1,3,0,-0.01194164220678345,0,0,-0.3304323853418156,0,False,True,-0.7821818687739927
0,3,1,-0.7272848525825396,0,3,-0.46426988727116686,0,False,True,1.8710822622322034
0,1,1,-0.4947732883827313,0,0,-0.012801786351650446,0,False,True,-0.7821818687739927
0,2,1,0.7445565009308889,0,0,-0.402467704633542,0,False,True,-0.7821818687739927
0,3,1,0.1154394070911818,1,0,-0.5350140074435132,0,False,True,0.10223950822807268
0,3,1,-1.106870020372144,0,1,-0.5039550785413471,0,False,True,0.10223950822807268
0,3,1,-0.01194164220678345,0,0,-0.5535511547329484,0,False,True,-0.7821818687739927
1,3,0,0.03785992904851425,0,0,-0.5804471173741593,0,False,True,-0.7821818687739927
0,2,1,0.9434426759708328,0,3,-0.4993470979828806,0,False,False,1.8710822622322034
0,3,1,-0.1580773741264171,0,1,-0.48051619741331486,0,False,True,0.10223950822807268
1,2,0,-0.44987858216356413,1,0,-0.23882739790288157,0,False,False,0.10223950822807268
0,3,1,-0.6588909802096001,0,1,-0.6631320891649487,0,False,False,0.10223950822807268
1,3,1,0.04671942521116666,0,2,-0.5753217802924778,0,False,True,0.9866608852301381
1,3,1,-0.01194164220678345,1,2,-0.6062995982143093,0,True,False,1.8710822622322034
0,3,1,-0.01194164220678345,0,0,-0.5618924325754627,0,False,False,-0.7821818687739927
1,3,1,-1.5227141587109116,0,0,-0.46695312618818063,0,False,True,-0.7821818687739927
0,2,1,-0.20852933148296726,0,0,-0.29097956606935055,0,False,True,-0.7821818687739927
0,3,1,-0.01194164220678345,0,0,-0.33137941084193806,0,False,True,-0.7821818687739927
1,3,0,-0.44925104228436497,0,1,-0.4739133251763496,0,False,True,0.10223950822807268
1,3,1,0.6779779004706851,0,0,-0.5696571648010043,0,False,True,-0.7821818687739927
0,3,1,0.5267876329297315,0,0,-0.6928866658157887,0,False,True,-0.7821818687739927
1,3,0,-0.01194164220678345,1,1,-0.5802235141310749,0,False,False,0.9866608852301381
1,3,1,0.4766059188865549,0,2,-0.5426844755567741,0,False,True,0.9866608852301381
0,3,1,-0.37472686746840167,0,0,-0.20887990865016476,0,False,True,-0.7821818687739927
0,2,1,-0.01194164220678345,0,0,-0.02806818816381062,0,True,False,-0.7821818687739927
1,3,0,-0.24206375588857848,0,0,-0.49864559761241956,0,False,True,-0.7821818687739927
1,3,0,-0.4570408370641915,0,0,-0.6067446125118208,0,False,True,-0.7821818687739927
0,1,1,0.4393201370011646,0,0,0.03031856454513168,1,False,False,-0.7821818687739927
1,2,0,-0.01194164220678345,3,0,-0.09522369550351684,0,False,False,1.8710822622322034
0,3,1,-0.6911130950356906,0,0,-0.39343150298653967,0,False,True,-0.7821818687739927
1,3,0,-0.14056180809328242,0,0,-0.5350096230661979,0,False,True,-0.7821818687739927
0,1,1,0.35510794593264955,0,0,0.22703680593169168,1,False,False,-0.7821818687739927
0,3,1,-0.01194164220678345,1,0,-0.39627038729824954,0,False,True,0.10223950822807268
0,2,1,0.05562774155267575,0,1,-0.23490776458293,1,False,True,0.10223950822807268
0,3,1,-0.05774155857231344,1,0,-0.3627912821179925,0,False,True,0.10223950822807268
1,3,0,0.9145963143837256,1,0,-0.22103121037974596,0,False,False,0.10223950822807268
1,3,1,-0.01194164220678345,1,0,-0.5740415421163862,0,False,True,0.10223950822807268
0,2,1,0.40224148490737527,0,2,-0.6243676171309986,0,False,True,0.9866608852301381
0,2,1,-0.01194164220678345,1,0,-0.27599595659403253,0,False,True,0.10223950822807268
0,3,1,0.7048315881356,0,0,-0.2804702136443799,0,False,False,-0.7821818687739927
0,3,1,0.5266737366730282,0,0,-0.16577928745130188,0,False,False,-0.7821818687739927
0,3,1,-0.6156410420143154,0,0,-0.3372632451991807,0,False,True,-0.7821818687739927
1,3,1,-0.8625792557285669,2,0,-0.6620447635907339,0,False,True,0.9866608852301381
1,3,0,0.007521463015084801,0,0,-0.5912787215318107,0,False,True,-0.7821818687739927
0,3,0,0.5852970147489659,0,0,-0.5714481829343377,0,False,True,-0.7821818687739927
0,3,1,-0.5267734202184753,0,0,-0.5438857949411887,0,False,False,-0.7821818687739927
1,3,0,0.7123396810160949,1,0,-0.4889276252928753,0,False,True,0.10223950822807268
1,2,1,-0.03330845770863881,0,0,-0.3483973713915934,0,False,True,-0.7821818687739927
1,3,0,-1.1941031906817259,0,0,-0.5162532569109937,0,True,False,-0.7821818687739927
1,1,1,1.5693264317936846,0,0,0.5341624368742015,1,False,True,-0.7821818687739927
1,3,1,-0.44754665984700065,2,1,-0.4212942208257924,0,False,True,1.8710822622322034
1,3,1,-0.016526687237338238,0,0,-0.533271217460649,0,False,True,-0.7821818687739927
0,3,1,-0.01194164220678345,1,2,-0.4787514855438737,0,False,True,1.8710822622322034
1,3,1,0.09551674650713955,0,0,-0.38006792092925534,0,False,True,-0.7821818687739927
0,2,1,0.4988523731430024,2,0,-0.2275200888065113,1,True,False,0.9866608852301381
1,1,0,1.9656168027429792,0,0,0.46198681750838283,0,False,True,-0.7821818687739927
0,3,1,-1.5784670232179763,0,1,-0.6317903679259405,0,False,False,0.10223950822807268
1,3,0,-0.042122487667261774,0,2,-0.5221370912682363,0,False,True,0.9866608852301381
1,3,0,-0.01194164220678345,0,0,-0.4420082114523146,0,False,True,-0.7821818687739927
0,3,1,0.661794896976264,1,0,-0.6434615803394873,0,False,True,0.10223950822807268
1,3,0,-0.46465206511046975,0,0,-0.4528617374965428,0,False,True,-0.7821818687739927
1,3,0,-0.01194164220678345,0,0,-0.6376018600574793,0,False,True,-0.7821818687739927
1,3,1,-0.01194164220678345,0,0,-0.5297286405898203,0,False,True,-0.7821818687739927
1,2,0,-0.01194164220678345,0,0,0.18265156217942183,0,False,True,-0.7821818687739927
1,1,0,-0.01194164220678345,4,1,0.6204776730821272,0,False,True,3.6399250162363344
1,1,0,0.8397971704361029,0,0,0.6528891823860886,1,False,True,-0.7821818687739927
1,3,0,-1.8884762799774866,0,0,-0.6326102464839168,0,False,True,-0.7821818687739927
0,3,1,-2.031203995070347,0,0,-0.641129091607704,0,False,True,-0.7821818687739927
1,3,1,-0.9109633077857512,0,1,-0.5642665728917421,0,False,True,0.10223950822807268
1,1,0,-0.01194164220678345,0,0,0.1344299882761928,0,False,True,-0.7821818687739927
1,1,1,1.4275143198744586,2,0,0.19033299123597114,1,False,True,0.9866608852301381
0,1,1,0.3149334870598842,0,0,0.6847921039214658,1,False,False,-0.7821818687739927
1,2,0,1.7831363401995302,1,0,-0.28553416944364607,0,False,False,0.10223950822807268
1,2,0,-0.07737623213354641,0,0,0.10334036873281897,0,False,False,-0.7821818687739927
0,2,1,0.3965267013742376,1,0,-0.2957212701359362,0,False,True,0.10223950822807268
1,3,0,-2.254525023355717,0,0,-0.29028683445352027,0,False,False,-0.7821818687739927
0,2,1,1.6278078836307215,3,0,-0.6247950939192485,0,False,True,1.8710822622322034
1,3,0,-0.01194164220678345,0,1,-0.47019318102424795,0,False,True,0.10223950822807268
0,3,1,-0.4299225335077877,2,0,-0.5518763225984724,0,False,False,0.9866608852301381
1,2,0,-1.0553232909672652,0,0,-0.37266489983223283,0,False,True,-0.7821818687739927
0,3,0,-0.01194164220678345,0,0,-0.6426219720835916,0,False,True,-0.7821818687739927
0,3,1,-0.6690351338698672,0,0,-0.47841827286790467,0,True,False,-0.7821818687739927
1,3,0,-1.6094775426336325,0,2,-0.1169044413280809,0,False,True,0.9866608852301381
0,3,0,-0.01194164220678345,0,1,0.22302729287677492,0,False,True,0.10223950822807268
1,3,0,-0.002993565883227691,0,1,-0.4040175820145296,0,False,False,0.10223950822807268
1,2,1,-1.063203367365454,0,0,-0.3305726854159078,0,True,False,-0.7821818687739927
1,3,0,-1.2699451209298176,1,0,-0.3613093625853934,0,False,True,0.10223950822807268
0,3,0,-0.48711701603241403,0,0,-0.6310099487638023,0,False,False,-0.7821818687739927
0,2,1,-0.01194164220678345,0,0,-0.33522889412484347,0,False,True,-0.7821818687739927
1,3,0,1.0622506475837914,0,0,-0.4948136518387756,0,False,False,-0.7821818687739927
1,2,0,1.3180262544061174,0,0,-0.15766599722918748,0,False,True,-0.7821818687739927
1,1,0,2.0024458438989017,2,0,-0.19769755430728292,0,False,True,0.9866608852301381
0,1,1,1.3960678939219031,1,0,-0.006806150372865579,0,False,True,0.10223950822807268
0,1,1,1.466047760373118,0,0,-0.15131084231054126,0,False,True,-0.7821818687739927
1,3,1,-2.206837589493253,0,1,-0.6320797368287556,0,False,False,0.10223950822807268
0,1,1,0.7088129992862381,0,0,0.9211823834462602,1,False,False,-0.7821818687739927
1,2,1,-0.01194164220678345,1,1,-0.1812934065817811,0,False,False,0.9866608852301381
0,3,1,-0.045635000589566294,0,0,-0.2712060243769777,0,False,True,-0.7821818687739927
0,3,1,-0.33392352696108285,0,0,-0.4505643237832827,0,False,True,-0.7821818687739927
1,3,0,-0.01194164220678345,0,0,-0.6221535065867307,0,False,True,-0.7821818687739927
0,1,1,-0.3608507087528893,1,0,0.20176306289717202,1,False,True,0.10223950822807268
0,1,1,-0.8187786819963144,0,0,0.507426504005002,0,True,False,-0.7821818687739927
1,1,1,0.02633650791046987,1,0,0.533243909826629,0,False,False,0.10223950822807268
1,2,1,0.05602406369346053,4,0,-0.4012992680789927,0,False,True,2.7555036392342687
1,1,1,1.3057405796686619,1,2,-0.0716488986787078,1,False,True,1.8710822622322034
1,3,1,-0.8444670649798542,3,0,-0.35162427309571453,0,False,True,1.8710822622322034
0,2,1,-2.2445150527339823,1,0,-0.45749602431890163,0,False,True,0.10223950822807268
1,3,1,-1.043417364999245,1,0,-0.3356717162336971,0,False,False,0.10223950822807268
1,1,1,2.0643429893318057,0,2,1.01609538356965,0,False,True,0.9866608852301381
0,3,1,0.14119410688599596,1,0,-0.6288287210493998,0,False,True,0.10223950822807268
0,3,1,-2.0742777446195118,2,0,-0.633524389154174,0,False,False,0.9866608852301381
0,3,1,-0.3952981360603974,0,0,-0.5865523627858288,0,False,True,-0.7821818687739927
0,1,1,-0.01194164220678345,0,1,0.05132411626312685,0,False,True,0.10223950822807268
0,2,1,0.23562937413901575,0,0,-0.49147494851311224,0,False,True,-0.7821818687739927
1,3,0,-1.3155779290916632,1,1,-0.5732698917088791,0,False,False,0.9866608852301381
1,3,0,-1.4403232011562992,2,0,-0.6426877377433224,0,False,True,0.9866608852301381
0,3,1,-1.1642078337674995,1,0,-0.4758884871569292,0,False,True,0.10223950822807268
1,3,1,-0.13828347227524718,0,0,-0.6358678388292457,0,False,False,-0.7821818687739927
0,2,1,-0.21121015820901984,0,0,-0.533071728292799,0,False,False,-0.7821818687739927
1,3,0,0.25147610871289616,0,0,-0.5644287948524112,0,False,True,-0.7821818687739927
0,3,1,-0.7092818179673325,2,0,-0.3703148735911881,0,True,False,0.9866608852301381
1,1,0,-0.01194164220678345,0,0,0.6663755270082038,0,True,False,-0.7821818687739927
1,2,1,-0.5055409083763065,1,0,-0.17713044032082587,0,False,True,0.10223950822807268
0,3,0,-0.01194164220678345,0,0,-0.5184564065119731,0,False,True,-0.7821818687739927
0,3,1,-0.6257667491601745,1,2,-0.47534263218116407,0,False,False,1.8710822622322034
0,3,1,-0.470599304530027,0,0,-0.4451605787420744,0,False,True,-0.7821818687739927
0,3,1,-0.10842816152902696,0,0,-0.3332471555782908,0,False,True,-0.7821818687739927
1,2,1,-0.3806522630855555,0,0,0.5322201577234873,0,False,True,-0.7821818687739927
0,3,1,-0.01194164220678345,1,0,-0.5764946012243425,0,False,True,0.10223950822807268
1,2,0,-0.4695837548960732,0,0,-0.39421192214867773,0,False,True,-0.7821818687739927
1,2,1,0.4620136005845474,0,1,-0.011795571757770284,0,False,True,0.10223950822807268
1,2,1,-0.01194164220678345,0,0,-0.34723770359167483,0,False,True,-0.7821818687739927
1,2,0,0.8029026183697119,0,0,-0.018768923877885396,0,False,True,-0.7821818687739927
0,2,1,-0.01194164220678345,1,0,-0.6760506569247218,0,True,False,0.10223950822807268
0,3,1,-0.01194164220678345,1,0,-0.6085619369090466,0,False,True,0.10223950822807268
1,3,0,-1.26870801448161,4,0,-0.5190636427701535,0,False,False,2.7555036392342687
0,3,1,0.0917882074737816,0,0,-0.2999061582834683,0,False,False,-0.7821818687739927
0,3,1,-1.1365463223729027,0,0,-0.3089598974397322,0,False,False,-0.7821818687739927
1,3,0,-0.2185173116085168,0,1,-0.18592111683816678,0,False,True,0.10223950822807268
0,3,1,-2.0376800428155124,2,0,-0.46549970510813155,0,False,False,0.9866608852301381
0,3,1,-0.6808061761617887,0,0,-0.37382895200946675,0,False,True,-0.7821818687739927
1,3,0,-0.01194164220678345,1,0,-0.6312423207615177,0,False,True,0.10223950822807268
0,2,1,0.31219272191925074,0,0,0.7743758934180087,0,False,True,-0.7821818687739927
0,1,0,-0.01194164220678345,3,0,0.6344090320017536,1,True,False,1.8710822622322034
0,2,1,1.1155325753451553,3,0,-0.17673803855109924,0,False,True,1.8710822622322034
0,2,1,0.9943180191855698,0,1,-0.4370867479157983,0,False,True,0.10223950822807268
0,3,1,-0.3556810596494465,0,0,-0.5481715237669748,0,False,True,-0.7821818687739927
0,3,0,-0.01194164220678345,0,0,-0.5253354945198074,0,False,False,-0.7821818687739927
1,2,1,-0.01194164220678345,0,1,0.03173252622934228,0,False,True,0.10223950822807268
1,3,0,0.8148501500377693,1,0,-0.47289834182783863,0,False,True,0.10223950822807268
1,3,0,-0.01194164220678345,0,0,-0.6073189659401357,0,False,True,-0.7821818687739927
0,1,1,-0.01194164220678345,0,0,0.654228609655938,1,False,True,-0.7821818687739927
1,2,1,-0.3206764056833662,0,0,-0.5763499167729349,0,False,True,-0.7821818687739927
1,1,0,-0.01194164220678345,0,0,0.8410425426870499,0,False,True,-0.7821818687739927
1,2,1,0.7559699228396232,4,0,-0.4251437041086978,0,False,True,2.7555036392342687
1,1,1,-0.008908494388780688,1,0,0.6901739270760973,0,False,True,0.10223950822807268
1,3,0,-0.6949884455125955,0,0,-0.6765000555995485,0,False,True,-0.7821818687739927
0,1,1,-0.7808981259621778,0,1,0.5944498171493618,0,False,True,0.10223950822807268
1,3,0,-0.01194164220678345,0,2,-0.623861221551072,0,False,True,0.9866608852301381
1,3,0,-0.6110430241472989,0,0,-0.4253958058043323,0,False,False,-0.7821818687739927
0,1,1,1.0245326497564797,2,2,0.527822627276159,1,False,True,2.7555036392342687
0,2,1,1.3454067951238458,0,0,0.3712543211552098,0,False,True,-0.7821818687739927
0,3,1,-0.01194164220678345,1,0,-0.24076310048762273,0,False,True,0.10223950822807268
0,3,1,-1.6322760617000003,0,0,-0.3824771362640578,0,False,True,-0.7821818687739927
0,3,1,-0.01194164220678345,1,1,-0.5887511280094929,0,False,True,0.9866608852301381
1,2,0,-0.9006603256328141,1,1,-0.4175565391644292,0,False,True,0.9866608852301381
0,3,1,-0.75789382638726,0,0,-0.37202697293284476,0,False,True,-0.7821818687739927
0,3,1,-0.01194164220678345,0,0,-0.1290798571328968,0,False,True,-0.7821818687739927
0,3,1,-1.6913588629431138,0,0,-0.46597541004685045,0,False,True,-0.7821818687739927
0,3,1,-0.8172789365614546,0,0,-0.559520484447841,0,False,True,-0.7821818687739927
0,2,1,-0.01194164220678345,0,1,-0.3135306107910179,0,False,True,0.10223950822807268
0,3,1,0.9344856637823085,4,0,-0.30608593810949924,0,False,True,2.7555036392342687
1,2,1,-1.0128548341891308,1,0,0.22402693090468187,0,False,True,0.10223950822807268
1,2,1,1.3632182178984995,0,0,-0.14606493485268668,0,False,True,-0.7821818687739927
0,3,1,-1.6554113778445685,1,0,-0.5386727703131995,0,False,True,0.10223950822807268
1,2,0,0.45581331360498323,0,0,-0.048935631996371264,0,False,True,-0.7821818687739927
0,1,1,1.4210031132910776,1,0,0.12159691587406965,0,False,True,0.10223950822807268
1,3,0,-0.5004782209900844,0,2,-0.5625040532109584,0,False,True,0.9866608852301381
0,2,1,0.3698780416996282,0,1,0.33268276172313666,0,False,True,0.10223950822807268
0,3,1,-1.0719302984004808,0,0,-0.5430001507234816,0,False,False,-0.7821818687739927
0,3,0,-0.5199316352449301,0,2,-0.3309146668465076,0,False,True,0.9866608852301381
1,3,0,-0.6702619579581155,0,0,-0.33157232344381493,0,False,False,-0.7821818687739927
1,2,1,0.19862417853261338,1,0,0.17453827195730756,0,False,True,0.10223950822807268
0,3,1,0.6459013748311269,1,0,-0.32861067656727433,0,True,False,0.10223950822807268
0,2,1,0.29665956302215846,0,2,-0.5288978010885554,0,False,True,0.9866608852301381
0,3,1,-0.16070222747574714,0,0,-0.6144567322095776,0,False,True,-0.7821818687739927
1,2,0,-0.01194164220678345,0,0,-0.1669477240058512,0,False,True,-0.7821818687739927
0,3,1,-0.01194164220678345,2,0,-0.6521492239899168,0,False,True,0.9866608852301381
0,3,1,-1.0238557284488359,1,1,-0.42843417928389194,0,False,True,0.9866608852301381
1,3,1,0.8342671885839348,1,0,-0.6162433659655958,0,False,False,0.10223950822807268
0,3,1,-0.01194164220678345,0,3,-0.49692692170478975,0,False,True,1.8710822622322034
0,2,1,-0.03950287439138293,1,0,-0.05158379589486206,0,False,True,0.10223950822807268
1,2,1,0.18571900837097952,0,0,-0.18555721352099017,0,False,True,-0.7821818687739927
0,3,1,-0.5013348006446448,0,3,-0.45943391909230047,0,False,True,1.8710822622322034
1,3,0,-0.022215401659628632,0,0,-0.5182043048163386,0,False,True,-0.7821818687739927
0,3,1,-0.1436006660749537,0,0,-0.6308608799350794,0,True,False,-0.7821818687739927
1,1,1,-0.01194164220678345,0,0,-0.052881571580215066,0,False,True,-0.7821818687739927
1,3,0,-0.01194164220678345,0,0,-0.44477036916100543,0,False,True,-0.7821818687739927
1,3,0,-0.37413916248212276,0,0,-0.5405098244083446,0,False,False,-0.7821818687739927
1,1,1,1.9930896340843778,0,0,0.5308478476237728,0,True,False,-0.7821818687739927
0,1,1,-0.6052762130340533,1,0,0.8359259743599994,1,False,False,0.10223950822807268
0,3,1,-0.4684718255586546,0,1,-0.6202419180772242,0,False,False,0.10223950822807268
1,3,0,-0.17485764733360296,1,0,-0.36080077481680906,0,False,True,0.10223950822807268
1,3,0,0.5049441434859103,0,3,-0.3323637035492414,0,True,False,1.8710822622322034
1,1,0,0.3609459728304425,1,0,0.9796436705695638,1,False,True,0.10223950822807268
0,3,1,0.2480177698786605,0,0,-0.4206804080016389,0,False,False,-0.7821818687739927
1,1,0,0.11905685705902683,0,0,0.9099145337457283,1,False,True,-0.7821818687739927
0,1,1,0.5470816253794782,0,0,0.9020906124264292,1,False,True,-0.7821818687739927
1,3,1,0.6512061544392467,1,1,-0.6522873318753513,0,False,True,0.9866608852301381
1,3,0,1.0281883800804268,0,2,-0.6570575343944869,0,False,True,0.9866608852301381
0,3,1,0.3711483321639651,0,3,-0.5382979060527344,0,False,True,1.8710822622322034
1,2,0,-1.5243605129231073,1,0,0.07644002171429265,0,False,False,0.10223950822807268
1,3,1,0.052772235822259046,0,1,-0.2871717343709413,0,False,True,0.10223950822807268
0,2,1,-0.4026571185721979,0,0,0.2867454484012216,0,False,True,-0.7821818687739927
0,3,1,-0.4376225712827759,0,0,-0.5415269999455132,0,False,False,-0.7821818687739927
1,2,1,1.4702767423089942,0,1,-0.5368598302932891,0,False,True,0.10223950822807268
1,2,0,-1.2532157487987106,0,0,-0.045763535008692374,0,False,True,-0.7821818687739927
1,3,1,1.2411298784440716,0,0,-0.4897475038508517,0,False,True,-0.7821818687739927
1,2,0,-0.5198896465022411,4,0,-0.4267725002813622,0,False,True,2.7555036392342687
1,3,0,0.9627423440507926,0,0,-0.5515409177338458,0,True,False,-0.7821818687739927
1,3,0,-1.6660195773000428,0,0,-0.4532475627002965,0,True,False,-0.7821818687739927
0,3,1,-1.02135298136942,2,3,-0.10496139752098033,0,False,True,3.6399250162363344
0,2,1,-0.01194164220678345,1,0,-0.594220638710432,0,False,True,0.10223950822807268
1,3,0,-0.1022314164540524,0,0,-0.24493483550320866,0,False,True,-0.7821818687739927
0,3,0,0.6587491753751499,1,0,-0.6114731634464602,0,False,True,0.10223950822807268
0,3,1,-1.1254272429702021,0,0,-0.5841694537149187,0,False,True,-0.7821818687739927
1,1,0,1.4850855130610987,0,0,-0.10943784675998536,1,False,True,-0.7821818687739927
1,3,1,-0.40085447394242874,0,0,-0.5061691890856149,0,False,True,-0.7821818687739927
1,3,1,-0.39661204791513094,0,1,-0.5018176946000984,0,False,True,0.10223950822807268
1,2,1,0.2868759538490452,0,2,0.3326805695344789,0,False,True,0.9866608852301381
1,1,0,0.8441446891939481,2,1,0.445519096311808,1,True,False,1.8710822622322034
0,3,1,-0.3696531772149959,0,1,-0.5174436153521199,0,False,True,0.10223950822807268
1,3,0,1.4727368433273815,2,0,-0.4615844561654953,0,False,False,0.9866608852301381
1,3,0,-0.09674663121355584,0,1,-0.43474329824072677,0,False,False,0.10223950822807268
1,3,0,-0.6457938075130709,0,0,-0.579988949944702,0,False,True,-0.7821818687739927
0,3,1,-1.8630168314235096,0,0,-0.046688638622238,0,False,True,-0.7821818687739927
0,1,1,0.9243854859097225,0,0,0.5513491959504989,1,False,True,-0.7821818687739927
0,2,1,-0.01194164220678345,0,0,-0.058778559069403914,0,False,True,-0.7821818687739927
0,2,1,0.5541727392228557,0,0,-0.5082671136310253,0,False,True,-0.7821818687739927
0,3,1,0.1324784553663432,0,2,-0.5785355288646528,0,False,False,0.9866608852301381
1,1,0,-1.0671672713489055,0,0,0.9057515674847731,1,True,False,-0.7821818687739927
0,3,1,-0.01194164220678345,1,0,-0.6582588537789016,0,False,True,0.10223950822807268
0,3,1,0.33360822481751584,0,0,-0.3906715374665067,0,True,False,-0.7821818687739927
0,3,1,-0.01194164220678345,0,0,-0.4948421502913256,0,False,True,-0.7821818687739927
0,2,1,-0.01194164220678345,0,0,-0.11733191811633066,0,False,False,-0.7821818687739927
1,3,1,-0.01194164220678345,2,0,-0.6341710848081928,0,False,True,0.9866608852301381
1,3,0,0.061116123091226215,0,0,-0.40547538747189404,0,False,True,-0.7821818687739927
0,1,1,-0.6846947977669958,0,1,0.6727109522289308,0,False,False,0.10223950822807268
0,2,0,1.2965015355647527,0,0,-0.6534974200143967,0,False,True,-0.7821818687739927
1,3,0,-0.6486925166448109,4,0,-0.544721018819769,0,False,True,2.7555036392342687
0,1,1,0.3731847823684526,0,0,0.6672195196414148,0,False,False,-0.7821818687739927
0,3,1,0.871138533447592,0,1,-0.4094103661124495,0,False,True,0.10223950822807268
1,3,0,-0.8868519683721231,0,0,-0.4779096850993203,0,False,False,-0.7821818687739927
1,3,0,-0.7090960575169928,0,1,-0.5694730209537582,0,False,True,0.10223950822807268
1,3,0,0.5663870921872289,0,0,-0.5356957781160552,0,False,True,-0.7821818687739927
1,2,0,-0.8046180462755642,0,0,-0.2747902528323025,0,False,True,-0.7821818687739927
1,2,0,-0.4906504333463018,1,0,-0.08982652702828162,0,False,True,0.10223950822807268
0,3,1,-1.5430751959319795,0,1,-0.6770239886887366,0,False,True,0.10223950822807268
0,3,1,0.1832889218994508,0,0,-0.4602932570461154,0,False,True,-0.7821818687739927
1,2,1,0.4192788648535455,1,0,-0.417714376747783,0,False,True,0.10223950822807268
1,3,0,1.7888846253152786,0,0,0.028878296597028695,0,False,True,-0.7821818687739927
0,3,1,0.23641059351404878,0,3,-0.5094969314679899,0,False,True,1.8710822622322034
1,1,0,0.37079117926728183,0,2,0.41434836578809964,1,False,True,0.9866608852301381
0,3,1,-0.9007171068492259,4,0,-0.5915264388501297,0,False,False,2.7555036392342687
1,3,0,-0.4019122743065052,0,1,-0.2965521096372011,0,False,True,0.10223950822807268
0,3,1,-0.5429190444933827,1,0,-0.2748384809827717,0,False,True,0.10223950822807268
1,1,0,-1.0747519138178045,1,0,0.27890618176131865,0,False,True,0.10223950822807268
0,3,0,-0.13313280896975888,0,0,-0.058839940351819275,0,False,True,-0.7821818687739927
0,3,1,-1.0164092036337844,0,0,-0.6253409488950135,0,False,True,-0.7821818687739927
0,3,1,1.5063509436821843,0,2,-0.4042104946164064,0,True,False,0.9866608852301381
0,3,0,-0.2650476206970279,0,0,-0.6003806888385437,0,False,True,-0.7821818687739927
0,3,1,0.4272311218199911,0,0,-0.6224078004710228,0,False,True,-0.7821818687739927
1,3,1,-0.8976780057271538,0,2,-0.5172989309007123,0,False,True,0.9866608852301381
0,3,1,-0.013161827102405215,3,0,-0.5269577141264988,0,False,True,1.8710822622322034
0,3,1,-2.130566275064256,0,0,-0.6404780115763699,0,False,True,-0.7821818687739927
1,2,1,0.6648313779947972,0,0,-0.0373455305631589,0,False,True,-0.7821818687739927
1,3,1,0.9292722950837706,0,0,-0.5152536188830865,0,False,False,-0.7821818687739927
0,3,1,-0.6946397241132757,1,2,-0.6196719490262245,0,False,True,1.8710822622322034
1,3,0,-1.3730091094194146,1,2,-0.22021571619908495,0,False,True,1.8710822622322034
0,3,1,0.02190917250408465,0,0,-0.0967779572618198,0,True,False,-0.7821818687739927
1,3,1,-0.01194164220678345,1,0,-0.6865643937270078,0,False,True,0.10223950822807268
0,3,1,-0.12816706649829054,0,2,-0.5136204383331067,0,True,False,0.9866608852301381
0,1,1,0.9427542905226332,0,0,0.3774647916224485,1,False,True,-0.7821818687739927
1,3,1,1.0799999124494295,0,0,-0.5103672303650933,0,False,True,-0.7821818687739927
1,3,1,0.2340976430872855,0,0,-0.5281042287944713,0,False,True,-0.7821818687739927
0,3,1,-0.01194164220678345,0,0,-0.40047500514370094,0,False,True,-0.7821818687739927
0,3,1,0.9984667425755752,1,0,0.03470513404917136,0,False,True,0.10223950822807268
1,2,1,-1.8064857322231964,1,0,-0.21593437175061442,1,False,True,0.10223950822807268
0,2,1,-0.01194164220678345,2,2,-0.286180865097665,1,False,False,2.7555036392342687
0,3,1,-0.07880563702650094,0,1,-0.43994536192542744,0,False,True,0.10223950822807268
1,1,0,-0.7218580354069167,1,0,0.16497375284380164,1,False,True,0.10223950822807268
0,2,1,1.4219851228910507,0,0,-0.019580033681231047,1,False,True,-0.7821818687739927
0,2,1,1.1741880727700977,1,0,-0.22068046019451543,0,False,True,0.10223950822807268
1,3,0,1.5381059686643372,1,0,-0.6060277668207558,0,False,True,0.10223950822807268
1,3,1,-1.0577644238222628,0,2,-0.3558880800349235,0,False,True,0.9866608852301381
1,2,0,0.6927829866202065,2,0,-0.35919609271937925,1,False,True,0.9866608852301381
1,2,0,-0.6483983837352614,1,0,-0.24463889003442044,0,False,True,0.10223950822807268
0,3,1,-2.213153579764625,1,2,-0.4592300455471352,0,False,False,1.8710822622322034
1,3,1,-0.01194164220678345,0,2,-0.3204666957039523,0,False,False,0.9866608852301381
1,1,1,1.7202131545071138,1,0,0.05654371745708919,0,False,True,0.10223950822807268
1,3,1,-0.2851086386571826,1,0,-0.3837968338359877,0,False,True,0.10223950822807268
1,1,1,-0.01194164220678345,0,0,-0.20145277347790758,0,False,True,-0.7821818687739927
0,3,1,1.2686460285844137,0,0,-0.5102269302910011,0,False,True,-0.7821818687739927
1,2,1,0.5580614746568086,0,0,-0.19491347471201537,0,False,True,-0.7821818687739927
0,3,0,-1.1432767369577452,0,2,-0.5544587208372325,0,False,True,0.9866608852301381
1,2,0,-1.1225322670627187,0,0,-0.03551505303398698,0,False,True,-0.7821818687739927
0,3,1,-0.29515390082581244,0,0,-0.6053679180347907,0,False,True,-0.7821818687739927
0,3,1,0.1422408650880817,0,0,-0.41746446724080616,0,False,True,-0.7821818687739927
0,1,1,1.5651527368984477,3,0,1.0449402019275482,1,False,True,1.8710822622322034
0,3,1,0.2576351232263861,0,1,-0.41133510775390214,0,True,False,0.10223950822807268
0,3,1,-0.9185157415917758,0,0,-0.539492648871176,0,False,True,-0.7821818687739927
0,2,1,-0.01194164220678345,2,1,-0.44548502266341267,0,False,False,1.8710822622322034
0,1,1,-1.3653379651066988,0,0,0.8865830698619231,1,False,True,-0.7821818687739927
0,3,1,-1.6648150400916233,1,1,-0.45657749727132907,0,False,False,0.9866608852301381
0,3,1,-1.2601744039750837,0,0,-0.47311536850495006,0,False,True,-0.7821818687739927
1,3,0,-0.12133346810295428,0,0,-0.6411773197581733,0,True,False,-0.7821818687739927
1,3,0,-0.8696778754828063,0,2,-0.45033852835154053,0,False,True,0.9866608852301381
0,3,1,0.35731191842314125,1,0,-0.45839482166855494,0,False,True,0.10223950822807268
0,1,1,-0.01194164220678345,0,0,0.722697238001601,1,False,True,-0.7821818687739927
1,1,1,-0.3409634017332633,1,0,0.13964739728149736,1,False,True,0.10223950822807268
0,1,1,-0.01194164220678345,0,0,-0.04144930773035648,0,False,True,-0.7821818687739927
1,3,0,-1.6822483350412911,0,0,-0.5772618672545343,0,False,True,-0.7821818687739927
0,3,1,-2.094191656531456,0,2,-0.6251283065952175,0,False,True,0.9866608852301381
0,3,1,-0.01194164220678345,1,0,-0.4458050822074355,0,False,True,0.10223950822807268
0,3,1,-0.6186725006010172,0,0,-0.06272011427593234,0,False,True,-0.7821818687739927
0,3,1,-1.0640580729000582,0,2,-0.5489431741744819,0,False,True,0.9866608852301381
1,2,0,1.0801986412523128,3,1,0.038015338922284696,0,False,True,2.7555036392342687
1,2,0,-0.9759623776876911,0,0,-0.387661662439497,0,False,True,-0.7821818687739927
1,3,0,0.45925907552919887,0,0,-0.29046659392345087,0,True,False,-0.7821818687739927
1,1,1,0.5175295873249979,0,0,1.0313420556838908,1,False,True,-0.7821818687739927
0,1,1,1.764345701122589,0,0,0.9562113660075047,1,False,True,-0.7821818687739927
0,3,1,-1.4200416002321363,1,0,-0.5787525555417642,0,False,True,0.10223950822807268
0,2,0,-0.5399240680254999,3,0,0.0923180441619486,0,False,False,1.8710822622322034
0,2,1,0.538945182394045,0,0,-0.03839778111885063,0,False,True,-0.7821818687739927
0,3,1,-0.01194164220678345,0,0,-0.5218477223654211,0,False,True,-0.7821818687739927
0,2,1,-0.6491627314338773,1,0,0.29767350885981125,0,False,True,0.10223950822807268
0,1,1,1.7253252899502076,0,1,-0.4625051754017256,1,True,False,0.10223950822807268
1,3,1,-0.1154848355339674,0,0,-0.5459245303928414,0,False,False,-0.7821818687739927
0,3,1,0.4243818896735126,0,0,-0.4702962138911594,0,False,True,-0.7821818687739927
1,1,1,1.183625386663514,1,0,0.8652793804864819,0,False,True,0.10223950822807268
1,3,0,-0.7118665373194691,0,0,-0.5023745105191519,0,False,True,-0.7821818687739927
1,1,0,2.068377335677263,0,0,0.7162872783665125,1,False,True,-0.7821818687739927
1,3,1,-0.41287913364051865,1,2,-0.6396142892452396,0,False,False,1.8710822622322034
1,3,1,-1.02259118530848,1,0,-0.5341765913762754,0,False,True,0.10223950822807268
0,2,1,-0.39011370563475134,0,0,-0.3253574685992609,1,False,True,-0.7821818687739927
0,3,0,-1.2935622352841334,1,0,-0.6428740737792261,0,False,True,0.10223950822807268
